Model,Accuracy,F1 Score,Recall
LogisticRegression,0.6517094017094017,0.6422797834986517,0.6517094017094017
SVC,0.655982905982906,0.6427443792451334,0.655982905982906
DecisionTree,0.5854700854700855,0.5779878615175621,0.5854700854700855
RandomForest,0.6239316239316239,0.6052826082277681,0.6239316239316239
XGBoost,0.6645299145299145,0.6549948403227599,0.6645299145299145
